Id,Category
0,mil
1,mil
2,mil
3,mil
4,mil
5,mil
6,mil
7,mil
8,mil
9,mil
10,mil
11,mil
12,mil
13,mil
14,mil
15,mil
16,mil
17,mil
18,mil
19,mil
20,mil
21,mil
22,mil
23,mil
24,mil
25,mil
26,mil
27,mil
28,mil
29,mil
30,mil
31,mil
32,mil
33,mil
34,mil
35,mil
36,mil
37,mil
38,mil
39,mil
40,mil
41,mil
42,mil
43,mil
44,mil
45,mil
46,mil
47,mil
48,mil
49,mil
50,mil
51,mil
52,mil
53,mil
54,mil
55,mil
56,mil
57,mil
58,mil
59,mil
60,mil
61,mil
62,mil
63,mil
64,mil
65,mil
66,mil
67,mil
68,mil
69,mil
70,mil
71,mil
72,mil
73,mil
74,mil
75,mil
76,mil
77,mil
78,mil
79,mil
80,mil
81,mil
82,mil
83,mil
84,mil
85,mil
86,mil
87,mil
88,mil
89,mil
90,mil
91,mil
92,mil
93,mil
94,mil
95,mil
96,mil
97,mil
98,mil
99,mil
100,mil
101,mil
102,mil
103,mil
104,mil
105,mil
106,mil
107,mil
108,mil
109,mil
110,mil
111,mil
112,mil
113,mil
114,mil
115,mil
116,mil
117,mil
118,mil
119,mil
120,mil
121,mil
122,mil
123,mil
124,mil
125,mil
126,mil
127,mil
128,mil
129,mil
130,mil
131,mil
132,mil
133,mil
134,mil
135,mil
136,mil
137,mil
138,mil
139,mil
140,mil
141,mil
142,mil
143,mil
144,mil
145,mil
146,mil
147,mil
148,mil
149,mil
150,mil
151,mil
152,mil
153,mil
154,mil
155,mil
156,mil
157,mil
158,mil
159,mil
160,mil
161,mil
162,mil
163,mil
164,mil
165,mil
166,mil
167,mil
168,mil
169,mil
170,mil
171,mil
172,mil
173,mil
174,mil
175,mil
176,mil
177,mil
178,mil
179,mil
180,mil
181,mil
182,mil
183,mil
184,mil
185,mil
186,mil
187,mil
188,mil
189,mil
190,mil
191,mil
192,mil
193,mil
194,mil
195,mil
196,mil
197,mil
198,mil
199,mil
200,mil
201,mil
202,mil
203,mil
204,mil
205,mil
206,mil
207,mil
208,mil
209,mil
210,mil
211,mil
212,mil
213,mil
214,mil
215,mil
216,mil
217,mil
218,mil
219,mil
220,mil
221,mil
222,mil
223,mil
224,mil
225,mil
226,mil
227,mil
228,mil
229,mil
230,mil
231,mil
232,mil
233,mil
234,mil
235,mil
236,mil
237,mil
238,mil
239,mil
240,mil
241,mil
242,mil
243,mil
244,mil
245,mil
246,mil
247,mil
248,mil
249,mil
250,mil
251,mil
252,mil
253,mil
254,mil
255,mil
256,mil
257,mil
258,mil
259,mil
260,mil
261,mil
262,mil
263,mil
264,mil
265,mil
266,mil
267,mil
268,mil
269,mil
270,mil
271,mil
272,mil
273,mil
274,mil
275,mil
276,mil
277,mil
278,mil
279,mil
280,mil
281,mil
282,mil
283,mil
284,mil
285,mil
286,mil
287,mil
288,mil
289,mil
290,mil
291,mil
292,mil
293,mil
294,mil
295,mil
296,mil
297,mil
298,mil
299,mil
300,mil
301,mil
302,mil
303,mil
304,mil
305,mil
306,mil
307,mil
308,mil
309,mil
310,mil
311,mil
312,mil
313,mil
314,mil
315,mil
316,mil
317,mil
318,mil
319,mil
320,mil
321,mil
322,mil
323,mil
324,mil
325,mil
326,mil
327,mil
328,mil
329,mil
330,mil
331,mil
332,mil
333,mil
334,mil
335,mil
336,mil
337,mil
338,mil
339,mil
340,mil
341,mil
342,mil
343,mil
344,mil
345,mil
346,mil
347,mil
348,mil
349,mil
350,mil
351,mil
352,mil
353,mil
354,mil
355,mil
356,mil
357,mil
358,mil
359,mil
360,mil
361,mil
362,mil
363,mil
364,mil
365,mil
366,mil
367,mil
368,mil
369,mil
370,mil
371,mil
372,mil
373,mil
374,mil
375,mil
376,mil
377,mil
378,mil
379,mil
380,mil
381,mil
382,mil
383,mil
384,mil
385,mil
386,mil
387,mil
388,mil
389,mil
390,mil
391,mil
392,mil
393,mil
394,mil
395,mil
396,mil
397,mil
398,mil
399,mil
400,mil
401,mil
402,mil
403,mil
404,mil
405,mil
406,mil
407,mil
408,mil
409,mil
410,mil
411,mil
412,mil
413,mil
414,mil
415,mil
416,mil
417,mil
418,mil
419,mil
420,mil
421,mil
422,mil
423,mil
424,mil
425,mil
426,mil
427,mil
428,mil
429,mil
430,mil
431,mil
432,mil
433,mil
434,mil
435,mil
436,mil
437,mil
438,mil
439,mil
440,mil
441,mil
442,mil
443,mil
444,mil
445,mil
446,mil
447,mil
448,mil
449,mil
450,mil
451,mil
452,mil
453,mil
454,mil
455,mil
456,mil
457,mil
458,mil
459,mil
460,mil
461,mil
462,mil
463,mil
464,mil
465,mil
466,mil
467,mil
468,mil
469,mil
470,mil
471,mil
472,mil
473,mil
474,mil
475,mil
476,mil
477,mil
478,mil
479,mil
480,mil
481,mil
482,mil
483,mil
484,mil
485,mil
486,mil
487,mil
488,mil
489,mil
490,mil
491,mil
492,mil
493,mil
494,mil
495,mil
496,mil
497,mil
498,mil
499,mil
500,mil
501,mil
502,mil
503,mil
504,mil
505,mil
506,mil
507,mil
508,mil
509,mil
510,mil
511,mil
512,mil
513,mil
514,mil
515,mil
516,mil
517,mil
518,mil
519,mil
520,mil
521,mil
522,mil
523,mil
524,mil
525,mil
526,mil
527,mil
528,mil
529,mil
530,mil
531,mil
532,mil
533,mil
534,mil
535,mil
536,mil
537,mil
538,mil
539,mil
540,mil
541,mil
542,mil
543,mil
544,mil
545,mil
546,mil
547,mil
548,mil
549,mil
550,mil
551,mil
552,mil
553,mil
554,mil
555,mil
556,mil
557,mil
558,mil
559,mil
560,mil
561,mil
562,mil
563,mil
564,mil
565,mil
566,mil
567,mil
568,mil
569,mil
570,mil
571,mil
572,mil
573,mil
574,mil
575,mil
576,mil
577,mil
578,mil
579,mil
580,mil
581,mil
582,mil
583,mil
584,mil
585,mil
586,mil
587,mil
588,mil
589,mil
590,mil
591,mil
592,mil
593,mil
594,mil
595,mil
596,mil
597,mil
598,mil
599,mil
600,mil
601,mil
602,mil
603,mil
604,mil
605,mil
606,mil
607,mil
608,mil
609,mil
610,mil
611,mil
612,mil
613,mil
614,mil
615,mil
616,mil
617,mil
618,mil
619,mil
620,mil
621,mil
622,mil
623,mil
624,mil
625,mil
626,mil
627,mil
628,mil
629,mil
630,mil
631,mil
632,mil
633,mil
634,mil
635,mil
636,mil
637,mil
638,mil
639,mil
640,mil
641,mil
642,mil
643,mil
644,mil
645,mil
646,mil
647,mil
648,mil
649,mil
650,mil
651,mil
652,mil
653,mil
654,mil
655,mil
656,mil
657,mil
658,mil
659,mil
660,mil
661,mil
662,mil
663,mil
664,mil
665,mil
666,mil
667,mil
668,mil
669,mil
670,mil
671,mil
672,mil
673,mil
674,mil
675,mil
676,mil
677,mil
678,mil
679,mil
680,mil
681,mil
682,mil
683,mil
684,mil
685,mil
686,mil
687,mil
688,mil
689,mil
690,mil
691,mil
692,mil
693,mil
694,mil
695,mil
696,mil
697,mil
698,mil
699,mil
700,mil
701,mil
702,mil
703,mil
704,mil
705,mil
706,mil
707,mil
708,mil
709,mil
710,mil
711,mil
712,mil
713,mil
714,mil
715,mil
716,mil
717,mil
718,mil
719,mil
720,mil
721,mil
722,mil
723,mil
724,mil
725,mil
726,mil
727,mil
728,mil
729,mil
730,mil
731,mil
732,mil
733,mil
734,mil
735,mil
736,mil
737,mil
738,mil
739,mil
740,mil
741,mil
742,mil
743,mil
744,mil
745,mil
746,mil
747,mil
748,mil
749,mil
750,mil
751,mil
752,mil
753,mil
754,mil
755,mil
756,mil
757,mil
758,mil
759,mil
760,mil
761,mil
762,mil
763,mil
764,mil
765,mil
766,mil
767,mil
768,mil
769,mil
770,mil
771,mil
772,mil
773,mil
774,mil
775,mil
776,mil
777,mil
778,mil
779,mil
780,mil
781,mil
782,mil
783,mil
784,mil
785,mil
786,mil
787,mil
788,mil
789,mil
790,mil
791,mil
792,mil
793,mil
794,mil
795,mil
796,mil
797,mil
798,mil
799,mil
800,mil
801,mil
802,mil
803,mil
804,mil
805,mil
806,mil
807,mil
808,mil
809,mil
810,mil
811,mil
812,mil
813,mil
814,mil
815,mil
816,mil
817,mil
818,mil
819,mil
820,mil
821,mil
822,mil
823,mil
824,mil
825,mil
826,mil
827,mil
828,mil
829,mil
830,mil
831,mil
832,mil
833,mil
834,mil
835,mil
836,mil
837,mil
838,mil
839,mil
840,mil
841,mil
842,mil
843,mil
844,mil
845,mil
846,mil
847,mil
848,mil
849,mil
850,mil
851,mil
852,mil
853,mil
854,mil
855,mil
856,mil
857,mil
858,mil
859,mil
860,mil
861,mil
862,mil
863,mil
864,mil
865,mil
866,mil
867,mil
868,mil
869,mil
870,mil
871,mil
872,mil
873,mil
874,mil
875,mil
876,mil
877,mil
878,mil
879,mil
880,mil
881,mil
882,mil
883,mil
884,mil
885,mil
886,mil
887,mil
888,mil
889,mil
890,mil
891,mil
892,mil
893,mil
894,mil
895,mil
896,mil
897,mil
898,mil
899,mil
900,mil
901,mil
902,mil
903,mil
904,mil
905,mil
906,mil
907,mil
908,mil
909,mil
910,mil
911,mil
912,mil
913,mil
914,mil
915,mil
916,mil
917,mil
918,mil
919,mil
920,mil
921,mil
922,mil
923,mil
924,mil
925,mil
926,mil
927,mil
928,mil
929,mil
930,mil
931,mil
932,mil
933,mil
934,mil
935,mil
936,mil
937,mil
938,mil
939,mil
940,mil
941,mil
942,mil
943,mil
944,mil
945,mil
946,mil
947,mil
948,mil
949,mil
950,mil
951,mil
952,mil
953,mil
954,mil
955,mil
956,mil
957,mil
958,mil
959,mil
960,mil
961,mil
962,mil
963,mil
964,mil
965,mil
966,mil
967,mil
968,mil
969,mil
970,mil
971,mil
972,mil
973,mil
974,mil
975,mil
976,mil
977,mil
978,mil
979,mil
980,mil
981,mil
982,mil
983,mil
984,mil
985,mil
986,mil
987,mil
988,mil
989,mil
990,mil
991,mil
992,mil
993,mil
994,mil
995,mil
996,mil
997,mil
998,mil
999,mil
1000,mil
1001,mil
1002,mil
1003,mil
1004,mil
1005,mil
1006,mil
1007,mil
1008,mil
1009,mil
1010,mil
1011,mil
1012,mil
1013,mil
1014,mil
1015,mil
1016,mil
1017,mil
1018,mil
1019,mil
1020,mil
1021,mil
1022,mil
1023,mil
1024,mil
1025,mil
1026,mil
1027,mil
1028,mil
1029,mil
1030,mil
1031,mil
1032,mil
1033,mil
1034,mil
1035,mil
1036,mil
1037,mil
1038,mil
1039,mil
1040,mil
1041,mil
1042,mil
1043,mil
1044,mil
1045,mil
1046,mil
1047,mil
1048,mil
1049,mil
1050,mil
1051,mil
1052,mil
1053,mil
1054,mil
1055,mil
1056,mil
1057,mil
1058,mil
1059,mil
1060,mil
1061,mil
1062,mil
1063,mil
1064,mil
1065,mil
1066,mil
1067,mil
1068,mil
1069,mil
1070,mil
1071,mil
1072,mil
1073,mil
1074,mil
1075,mil
1076,mil
1077,mil
1078,mil
1079,mil
1080,mil
1081,mil
1082,mil
1083,mil
1084,mil
1085,mil
1086,mil
1087,mil
1088,mil
1089,mil
1090,mil
1091,mil
1092,mil
1093,mil
1094,mil
1095,mil
1096,mil
1097,mil
1098,mil
1099,mil
1100,mil
1101,mil
1102,mil
1103,mil
1104,mil
1105,mil
1106,mil
1107,mil
1108,mil
1109,mil
1110,mil
1111,mil
1112,mil
1113,mil
1114,mil
1115,mil
1116,mil
1117,mil
1118,mil
1119,mil
1120,mil
1121,mil
1122,mil
1123,mil
1124,mil
1125,mil
1126,mil
1127,mil
1128,mil
1129,mil
1130,mil
1131,mil
1132,mil
1133,mil
1134,mil
1135,mil
1136,mil
1137,mil
1138,mil
1139,mil
1140,mil
1141,mil
1142,mil
1143,mil
1144,mil
1145,mil
1146,mil
1147,mil
1148,mil
1149,mil
1150,mil
1151,mil
1152,mil
1153,mil
1154,mil
1155,mil
1156,mil
1157,mil
1158,mil
1159,mil
1160,mil
1161,mil
1162,mil
1163,mil
1164,mil
1165,mil
1166,mil
1167,mil
1168,mil
1169,mil
1170,mil
1171,mil
1172,mil
1173,mil
1174,mil
1175,mil
1176,mil
1177,mil
1178,mil
1179,mil
1180,mil
1181,mil
1182,mil
1183,mil
1184,mil
1185,mil
1186,mil
1187,mil
1188,mil
1189,mil
1190,mil
1191,mil
1192,mil
1193,mil
1194,mil
1195,mil
1196,mil
1197,mil
1198,mil
1199,mil
1200,mil
1201,mil
1202,mil
1203,mil
1204,mil
1205,mil
1206,mil
1207,mil
1208,mil
1209,mil
1210,mil
1211,mil
1212,mil
1213,mil
1214,mil
1215,mil
1216,mil
1217,mil
1218,mil
1219,mil
1220,mil
1221,mil
1222,mil
1223,mil
1224,mil
1225,mil
1226,mil
1227,mil
1228,mil
1229,mil
1230,mil
1231,mil
1232,mil
1233,mil
1234,mil
1235,mil
1236,mil
1237,mil
1238,mil
1239,mil
1240,mil
1241,mil
1242,mil
1243,mil
1244,mil
1245,mil
1246,mil
1247,mil
1248,mil
1249,mil
1250,mil
1251,mil
1252,mil
1253,mil
1254,mil
1255,mil
1256,mil
1257,mil
1258,mil
1259,mil
1260,mil
1261,mil
1262,mil
1263,mil
1264,mil
1265,mil
1266,mil
1267,mil
1268,mil
1269,mil
1270,mil
1271,mil
1272,mil
1273,mil
1274,mil
1275,mil
1276,mil
1277,mil
1278,mil
1279,mil
1280,mil
1281,mil
1282,mil
1283,mil
1284,mil
1285,mil
1286,mil
1287,mil
1288,mil
1289,mil
1290,mil
1291,mil
1292,mil
1293,mil
1294,mil
1295,mil
1296,mil
1297,mil
1298,mil
1299,mil
1300,mil
1301,mil
1302,mil
1303,mil
1304,mil
1305,mil
1306,mil
1307,mil
1308,mil
1309,mil
1310,mil
1311,mil
1312,mil
1313,mil
1314,mil
1315,mil
1316,mil
1317,mil
1318,mil
1319,mil
1320,mil
1321,mil
1322,mil
1323,mil
1324,mil
1325,mil
1326,mil
1327,mil
1328,mil
1329,mil
1330,mil
1331,mil
1332,mil
1333,mil
1334,mil
1335,mil
1336,mil
1337,mil
1338,mil
1339,mil
1340,mil
1341,mil
1342,mil
1343,mil
1344,mil
1345,mil
1346,mil
1347,mil
1348,mil
1349,mil
1350,mil
1351,mil
1352,mil
1353,mil
1354,mil
1355,mil
1356,mil
1357,mil
1358,mil
1359,mil
1360,mil
1361,mil
1362,mil
1363,mil
1364,mil
1365,mil
1366,mil
1367,mil
1368,mil
1369,mil
1370,mil
1371,mil
1372,mil
1373,mil
1374,mil
1375,mil
1376,mil
1377,mil
1378,mil
1379,mil
1380,mil
1381,mil
1382,mil
1383,mil
1384,mil
1385,mil
1386,mil
1387,mil
1388,mil
1389,mil
1390,mil
1391,mil
1392,mil
1393,mil
1394,mil
1395,mil
1396,mil
1397,mil
1398,mil
1399,mil
1400,mil
1401,mil
1402,mil
1403,mil
1404,mil
1405,mil
1406,mil
1407,mil
1408,mil
1409,mil
1410,mil
1411,mil
1412,mil
1413,mil
1414,mil
1415,mil
1416,mil
1417,mil
1418,mil
1419,mil
1420,mil
1421,mil
1422,mil
1423,mil
1424,mil
1425,mil
1426,mil
1427,mil
1428,mil
1429,mil
1430,mil
1431,mil
1432,mil
1433,mil
1434,mil
1435,mil
1436,mil
1437,mil
1438,mil
1439,mil
1440,mil
1441,mil
1442,mil
1443,mil
1444,mil
1445,mil
1446,mil
1447,mil
1448,mil
1449,mil
1450,mil
1451,mil
1452,mil
1453,mil
1454,mil
1455,mil
1456,mil
1457,mil
1458,mil
1459,mil
1460,mil
1461,mil
1462,mil
1463,mil
1464,mil
1465,mil
1466,mil
1467,mil
1468,mil
1469,mil
1470,mil
1471,mil
1472,mil
1473,mil
1474,mil
1475,mil
1476,mil
1477,mil
1478,mil
1479,mil
1480,mil
1481,mil
1482,mil
1483,mil
1484,mil
1485,mil
1486,mil
1487,mil
1488,mil
1489,mil
1490,mil
1491,mil
1492,mil
1493,mil
1494,mil
1495,mil
1496,mil
1497,mil
1498,mil
1499,mil
1500,mil
1501,mil
1502,mil
1503,mil
1504,mil
1505,mil
1506,mil
1507,mil
1508,mil
1509,mil
1510,mil
1511,mil
1512,mil
1513,mil
1514,mil
1515,mil
1516,mil
1517,mil
1518,mil
1519,mil
1520,mil
1521,mil
1522,mil
1523,mil
1524,mil
1525,mil
1526,mil
1527,mil
1528,mil
1529,mil
1530,mil
1531,mil
1532,mil
1533,mil
1534,mil
1535,mil
1536,mil
1537,mil
1538,mil
1539,mil
1540,mil
1541,mil
1542,mil
1543,mil
1544,mil
1545,mil
1546,mil
1547,mil
1548,mil
1549,mil
1550,mil
1551,mil
1552,mil
1553,mil
1554,mil
1555,mil
1556,mil
1557,mil
1558,mil
1559,mil
1560,mil
1561,mil
1562,mil
1563,mil
1564,mil
1565,mil
1566,mil
1567,mil
1568,mil
1569,mil
1570,mil
1571,mil
1572,mil
1573,mil
1574,mil
1575,mil
1576,mil
1577,mil
1578,mil
1579,mil
1580,mil
1581,mil
1582,mil
1583,mil
1584,mil
1585,mil
1586,mil
1587,mil
1588,mil
1589,mil
1590,mil
1591,mil
1592,mil
1593,mil
1594,mil
1595,mil
1596,mil
1597,mil
1598,mil
1599,mil
1600,mil
1601,mil
1602,mil
1603,mil
1604,mil
1605,mil
1606,mil
1607,mil
1608,mil
1609,mil
1610,mil
1611,mil
1612,mil
1613,mil
1614,mil
1615,mil
1616,mil
1617,mil
1618,mil
1619,mil
1620,mil
1621,mil
1622,mil
1623,mil
1624,mil
1625,mil
1626,mil
1627,mil
1628,mil
1629,mil
1630,mil
1631,mil
1632,mil
1633,mil
1634,mil
1635,mil
1636,mil
1637,mil
1638,mil
1639,mil
1640,mil
1641,mil
1642,mil
1643,mil
1644,mil
1645,mil
1646,mil
1647,mil
1648,mil
1649,mil
1650,mil
1651,mil
1652,mil
1653,mil
1654,mil
1655,mil
1656,mil
1657,mil
1658,mil
1659,mil
1660,mil
1661,mil
1662,mil
1663,mil
1664,mil
1665,mil
1666,mil
1667,mil
1668,mil
1669,mil
1670,mil
1671,mil
1672,mil
1673,mil
1674,mil
1675,mil
1676,mil
1677,mil
1678,mil
1679,mil
1680,mil
1681,mil
1682,mil
1683,mil
1684,mil
1685,mil
1686,mil
1687,mil
1688,mil
1689,mil
1690,mil
1691,mil
1692,mil
1693,mil
1694,mil
1695,mil
1696,mil
1697,mil
1698,mil
1699,mil
1700,mil
1701,mil
1702,mil
1703,mil
1704,mil
1705,mil
1706,mil
1707,mil
1708,mil
1709,mil
1710,mil
1711,mil
1712,mil
1713,mil
1714,mil
1715,mil
1716,mil
1717,mil
1718,mil
1719,mil
1720,mil
1721,mil
1722,mil
1723,mil
1724,mil
1725,mil
1726,mil
1727,mil
1728,mil
1729,mil
1730,mil
1731,mil
1732,mil
1733,mil
1734,mil
1735,mil
1736,mil
1737,mil
1738,mil
1739,mil
1740,mil
1741,mil
1742,mil
1743,mil
